{
    "accuracy": 0.6855995410212278,
    "precision": 0.6791478155595064,
    "recall": 0.6855995410212278,
    "f1": 0.6788500726994067
}