{
    "accuracy": 0.7865748709122203,
    "precision": 0.7847527574145795,
    "recall": 0.7865748709122203,
    "f1": 0.7842858463647632
}