{
    "accuracy": 0.4652897303499713,
    "precision": 0.6011652908057386,
    "recall": 0.4652897303499713,
    "f1": 0.45356061807864206
}