{
    "accuracy": 0.5639701663798049,
    "precision": 0.6544076493363619,
    "recall": 0.5639701663798049,
    "f1": 0.5606287442754146
}